{
  "appliance": "fridge",
  "n_states": 3,
  "state_labels": [
    "OFF",
    "LOW",
    "HIGH"
  ],
  "startprob": [
    0.9439087628337363,
    0.056091237166263734,
    0.0
  ],
  "transmat": [
    [
      0.0059099582260312925,
      0.9938916395147052,
      0.00019840225926357123
    ],
    [
      0.9777214292987214,
      0.021504741385330473,
      0.0007738293159481586
    ],
    [
      0.20600668880229125,
      0.7409148696457418,
      0.053078441551966934
    ]
  ],
  "means": [
    [
      15.433500968061704
    ],
    [
      15.450234209734248
    ],
    [
      928.4790130229305
    ]
  ],
  "covars": [
    [
      [
        929.4849381292981
      ]
    ],
    [
      [
        930.7503589563016
      ]
    ],
    [
      [
        724549.04189447
      ]
    ]
  ]
}