{
  "appliance": "kettle",
  "n_states": 2,
  "state_labels": [
    "OFF",
    "ON"
  ],
  "startprob": [
    1.0,
    1.6520875819369416e-78
  ],
  "transmat": [
    [
      0.9656639033025204,
      0.03433609669747952
    ],
    [
      0.17636229764987638,
      0.8236377023501237
    ]
  ],
  "means": [
    [
      3.1719818540797996e-08
    ],
    [
      31.467677163802914
    ]
  ],
  "covars": [
    [
      [
        2.38979315596622e-07
      ]
    ],
    [
      [
        41.545539391745656
      ]
    ]
  ]
}