{
  "appliance": "microwave",
  "n_states": 2,
  "state_labels": [
    "OFF",
    "ON"
  ],
  "startprob": [
    1.0,
    4.28751715757989e-51
  ],
  "transmat": [
    [
      0.9848652297234253,
      0.015134770276574692
    ],
    [
      0.13559883053561517,
      0.8644011694643847
    ]
  ],
  "means": [
    [
      9.52068867202986e-10
    ],
    [
      20.988720250595488
    ]
  ],
  "covars": [
    [
      [
        2.223224070959563e-07
      ]
    ],
    [
      [
        176.0225082141069
      ]
    ]
  ]
}