{
  "appliance": "tv",
  "n_states": 2,
  "state_labels": [
    "OFF",
    "ON"
  ],
  "startprob": [
    1.0,
    1.2451177385104543e-230
  ],
  "transmat": [
    [
      0.9968340403892092,
      0.003165959610790736
    ],
    [
      0.3838627916185705,
      0.6161372083814296
    ]
  ],
  "means": [
    [
      0.0
    ],
    [
      1095.998604696104
    ]
  ],
  "covars": [
    [
      [
        2.0164949342035211e-07
      ]
    ],
    [
      [
        1202678.8440764109
      ]
    ]
  ]
}