house,appliance,state_id,state_name,center_w,count,share_pct
3,kettle,0,OFF,0.018710569527740972,23142,99.27927927927928
3,kettle,1,LOW,1176.611111111111,3,0.01287001287001287
3,kettle,2,HIGH,2106.041414141415,165,0.7078507078507078
