{
  "appliance": "fridge",
  "n_states": 3,
  "state_labels": [
    "OFF",
    "LOW",
    "HIGH"
  ],
  "startprob": [
    1.0,
    7.683259592661931e-199,
    0.0
  ],
  "transmat": [
    [
      0.9960101361348426,
      0.0027162354479334403,
      0.0012736284172239372
    ],
    [
      0.49134617750765475,
      0.48486686381666344,
      0.023786958675681837
    ],
    [
      0.6623636600315207,
      0.18027073828624005,
      0.15736560168223915
    ]
  ],
  "means": [
    [
      0.0
    ],
    [
      20.949297769408446
    ],
    [
      1214.0929100392034
    ]
  ],
  "covars": [
    [
      [
        2.0150729176705681e-07
      ]
    ],
    [
      [
        95.1624113653756
      ]
    ],
    [
      [
        146896.0794747293
      ]
    ]
  ]
}