{
  "appliance": "fridge",
  "n_states": 3,
  "state_labels": [
    "OFF",
    "LOW",
    "HIGH"
  ],
  "startprob": [
    0.07012128082923909,
    0.929878719170761,
    0.0
  ],
  "transmat": [
    [
      0.0010233269275293686,
      0.9989758458934467,
      8.271790238727028e-07
    ],
    [
      0.9864663227139167,
      0.013129740674698142,
      0.0004039366113852546
    ],
    [
      0.009962046724066462,
      0.0013091681239422546,
      0.9887287851519914
    ]
  ],
  "means": [
    [
      32.8468949309453
    ],
    [
      32.83386790213059
    ],
    [
      238.75041381809598
    ]
  ],
  "covars": [
    [
      [
        2045.295188950595
      ]
    ],
    [
      [
        2044.5505544460634
      ]
    ],
    [
      [
        45.910460775233325
      ]
    ]
  ]
}