{
  "appliance": "kettle",
  "n_states": 2,
  "state_labels": [
    "OFF",
    "ON"
  ],
  "startprob": [
    1.0,
    0.0
  ],
  "transmat": [
    [
      0.9996541138829977,
      0.0003458861170022823
    ],
    [
      0.044444444439256194,
      0.9555555555607439
    ]
  ],
  "means": [
    [
      0.0
    ],
    [
      1952.5537034799772
    ]
  ],
  "covars": [
    [
      [
        4.3233895374010624e-07
      ]
    ],
    [
      [
        278137.51084803994
      ]
    ]
  ]
}