{
  "appliance": "kettle",
  "n_states": 2,
  "state_labels": [
    "OFF",
    "ON"
  ],
  "startprob": [
    1.0,
    3.564402300409302e-304
  ],
  "transmat": [
    [
      0.9995577266941315,
      0.0004422733058685492
    ],
    [
      0.08593749958928718,
      0.9140625004107128
    ]
  ],
  "means": [
    [
      0.0
    ],
    [
      1827.3828076299653
    ]
  ],
  "covars": [
    [
      [
        2.0102926986432083e-07
      ]
    ],
    [
      [
        448563.4495222859
      ]
    ]
  ]
}