{
  "appliance": "microwave",
  "n_states": 2,
  "state_labels": [
    "OFF",
    "ON"
  ],
  "startprob": [
    0.0,
    1.0
  ],
  "transmat": [
    [
      0.9605169316073203,
      0.0394830683926797
    ],
    [
      0.09266693433342706,
      0.9073330656665729
    ]
  ],
  "means": [
    [
      0.23861894758545316
    ],
    [
      143.57188331960944
    ]
  ],
  "covars": [
    [
      [
        24.359229523058204
      ]
    ],
    [
      [
        2.1246913127851523
      ]
    ]
  ]
}