{
  "appliance": "microwave",
  "n_states": 2,
  "state_labels": [
    "OFF",
    "ON"
  ],
  "startprob": [
    1.0,
    0.0
  ],
  "transmat": [
    [
      0.9998005130772231,
      0.00019948692277699394
    ],
    [
      0.08219741370904489,
      0.917802586290955
    ]
  ],
  "means": [
    [
      0.0
    ],
    [
      169.22481022883488
    ]
  ],
  "covars": [
    [
      [
        2.0048537517021516e-07
      ]
    ],
    [
      [
        159629.23251147434
      ]
    ]
  ]
}