{
  "appliance": "tv",
  "n_states": 2,
  "state_labels": [
    "OFF",
    "ON"
  ],
  "startprob": [
    1.0,
    5.238171659275915e-122
  ],
  "transmat": [
    [
      0.9855492963856177,
      0.014450703614382183
    ],
    [
      0.22542957893892698,
      0.774570421061073
    ]
  ],
  "means": [
    [
      0.0
    ],
    [
      439.59019360665235
    ]
  ],
  "covars": [
    [
      [
        2.1282031970616617e-07
      ]
    ],
    [
      [
        503018.1806908218
      ]
    ]
  ]
}