{
  "appliance": "tv",
  "n_states": 2,
  "state_labels": [
    "OFF",
    "ON"
  ],
  "startprob": [
    1.0,
    0.0
  ],
  "transmat": [
    [
      0.997181655132913,
      0.0028183448670870198
    ],
    [
      0.0004977128869590464,
      0.9995022871130409
    ]
  ],
  "means": [
    [
      143.68292082858082
    ],
    [
      4.211783665924065
    ]
  ],
  "covars": [
    [
      [
        1.3770820691930372
      ]
    ],
    [
      [
        34.30558873681809
      ]
    ]
  ]
}