{
  "appliance": "fridge",
  "n_states": 3,
  "state_labels": [
    "OFF",
    "LOW",
    "HIGH"
  ],
  "startprob": [
    0.043504951926991005,
    0.9564950480730089,
    7.952608297015715e-18
  ],
  "transmat": [
    [
      0.001944003656743146,
      0.998037322170634,
      1.867417262288876e-05
    ],
    [
      0.991309635798504,
      0.008223424494226533,
      0.00046693970726946086
    ],
    [
      0.03499545855572348,
      0.004297851556765513,
      0.9607066898875111
    ]
  ],
  "means": [
    [
      55.61457638687562
    ],
    [
      55.606346506768595
    ],
    [
      242.96239870336714
    ]
  ],
  "covars": [
    [
      [
        1139.6047413332844
      ]
    ],
    [
      [
        1139.8918659239187
      ]
    ],
    [
      [
        21151.75393344535
      ]
    ]
  ]
}