{
  "appliance": "fridge",
  "n_states": 2,
  "state_labels": [
    "OFF",
    "ON"
  ],
  "startprob": [
    1.0,
    2.513249520866978e-18
  ],
  "transmat": [
    [
      0.9896790926579944,
      0.010320907342005576
    ],
    [
      0.192422246471958,
      0.8075777535280421
    ]
  ],
  "means": [
    [
      29.689156832856554
    ],
    [
      217.5336225070755
    ]
  ],
  "covars": [
    [
      [
        1337.915369657179
      ]
    ],
    [
      [
        8261.68713658338
      ]
    ]
  ]
}