{
  "appliance": "kettle",
  "n_states": 2,
  "state_labels": [
    "OFF",
    "ON"
  ],
  "startprob": [
    1.0,
    2.260659302846742e-126
  ],
  "transmat": [
    [
      0.9995579932894193,
      0.0004420067105806763
    ],
    [
      0.09734513271447531,
      0.9026548672855247
    ]
  ],
  "means": [
    [
      0.0
    ],
    [
      2465.1087746715884
    ]
  ],
  "covars": [
    [
      [
        2.0090810463334408e-07
      ]
    ],
    [
      [
        553490.4039599254
      ]
    ]
  ]
}