{
  "appliance": "kettle",
  "n_states": 2,
  "state_labels": [
    "OFF",
    "ON"
  ],
  "startprob": [
    1.0,
    0.0
  ],
  "transmat": [
    [
      0.999344262295184,
      0.0006557377048159444
    ],
    [
      0.05000000000010913,
      0.9499999999998908
    ]
  ],
  "means": [
    [
      0.9282437745740498
    ],
    [
      2700.1583333333338
    ]
  ],
  "covars": [
    [
      [
        1229.8731341371663
      ]
    ],
    [
      [
        492.30806944268943
      ]
    ]
  ]
}