{
  "appliance": "microwave",
  "n_states": 2,
  "state_labels": [
    "OFF",
    "ON"
  ],
  "startprob": [
    1.0,
    4.929211439383735e-179
  ],
  "transmat": [
    [
      0.9987979086971608,
      0.0012020913028391918
    ],
    [
      0.6976739766204669,
      0.3023260233795331
    ]
  ],
  "means": [
    [
      0.0
    ],
    [
      935.962864246042
    ]
  ],
  "covars": [
    [
      [
        2.0034459281046623e-07
      ]
    ],
    [
      [
        185332.0389754037
      ]
    ]
  ]
}