{
  "appliance": "microwave",
  "n_states": 2,
  "state_labels": [
    "OFF",
    "ON"
  ],
  "startprob": [
    1.0,
    1.8005566070873545e-243
  ],
  "transmat": [
    [
      0.9999198653727328,
      8.013462726713137e-05
    ],
    [
      0.048192774158713175,
      0.9518072258412869
    ]
  ],
  "means": [
    [
      0.0
    ],
    [
      1015.0180722780548
    ]
  ],
  "covars": [
    [
      [
        2.0033255203638413e-07
      ]
    ],
    [
      [
        53097.745286489604
      ]
    ]
  ]
}