{
  "appliance": "tv",
  "n_states": 2,
  "state_labels": [
    "OFF",
    "ON"
  ],
  "startprob": [
    2.7266972244069893e-42,
    1.0
  ],
  "transmat": [
    [
      0.9227359088937921,
      0.07726409110620783
    ],
    [
      0.014487934645000285,
      0.9855120653549997
    ]
  ],
  "means": [
    [
      104.05665685151851
    ],
    [
      7.137885525872049
    ]
  ],
  "covars": [
    [
      [
        176.10804204359204
      ]
    ],
    [
      [
        31.504231406655933
      ]
    ]
  ]
}