{
  "appliance": "tv",
  "n_states": 2,
  "state_labels": [
    "OFF",
    "ON"
  ],
  "startprob": [
    1.0,
    0.0
  ],
  "transmat": [
    [
      0.9999153331649954,
      8.466683500467796e-05
    ],
    [
      0.0014519056332093967,
      0.9985480943667906
    ]
  ],
  "means": [
    [
      0.9974600486824002
    ],
    [
      89.57202056866305
    ]
  ],
  "covars": [
    [
      [
        0.0029505693784811654
      ]
    ],
    [
      [
        11.028671779368025
      ]
    ]
  ]
}